Symptom,Echo-Friendly Description,Tier,Sample Weights,Vault Card Tags
Do you struggle to focus unless something really grabs your interest?,Like it’s easy to lock in on some things — but almost impossible on others?,Tier 1,"{'ADHD': 1.0, 'Autism': 0.5}","{'condition': ['ADHD', 'Autism'], 'emotion': [], 'narrative_type': ['lived_experience'], 'usage_mode': []}"
Do you feel emotionally raw or extra sensitive right before your period?,Like tiny things trigger big feelings that don’t match the moment?,Tier 1,"{'PMDD': 1.0, 'BPD': 0.5}","{'condition': ['PMDD', 'BPD'], 'emotion': ['overwhelm'], 'narrative_type': ['lived_experience'], 'usage_mode': []}"
Do you find yourself imagining terrible outcomes — even when everything is fine?,Like your brain writes a horror movie out of everyday life?,Tier 2,"{'GAD': 1.0, 'OCD': 0.5}","{'condition': ['GAD', 'OCD'], 'emotion': [], 'narrative_type': ['lived_experience'], 'usage_mode': []}"
"Do you forget basic things — appointments, birthdays, what you walked into the room for?",Like your short-term memory is a foggy mess?,Tier 2,"{'ADHD': 1.0, 'Depression': 0.5, 'CPTSD': 0.5}","{'condition': ['ADHD', 'Depression', 'CPTSD'], 'emotion': [], 'narrative_type': ['lived_experience'], 'usage_mode': []}"
Do you shut down emotionally or mentally after conflict?,Like your brain just flips a switch and everything goes blank?,Tier 1,"{'CPTSD': 1.0, 'Autism': 0.5, 'BPD': 0.5}","{'condition': ['CPTSD', 'Autism', 'BPD'], 'emotion': [], 'narrative_type': ['lived_experience'], 'usage_mode': []}"
"Do you obsessively double-check things — locks, messages, stoves?","Even when you know you already did it, but don’t *feel* finished?",Tier 1,"{'OCD': 1.0, 'GAD': 0.5}","{'condition': ['OCD', 'GAD'], 'emotion': [], 'narrative_type': ['lived_experience'], 'usage_mode': []}"
Do you find it hard to relax in groups — like you're always scanning for signals?,"Even with people you like, do you feel like you’re still ‘on’?",Tier 2,"{'CPTSD': 1.0, 'GAD': 0.5, 'Autism': 0.5}","{'condition': ['CPTSD', 'GAD', 'Autism'], 'emotion': [], 'narrative_type': ['metaphor'], 'usage_mode': []}"
Do you react strongly when plans change suddenly?,Like unpredictability hits you harder than it should?,Tier 1,"{'Autism': 1.0, 'OCD': 0.5, 'CPTSD': 0.5}","{'condition': ['Autism', 'OCD', 'CPTSD'], 'emotion': [], 'narrative_type': ['lived_experience'], 'usage_mode': []}"
Do your moods feel like they change quickly — sometimes even within the same hour?,"Like you wake up okay, and suddenly feel like crying two hours later?",Tier 1,"{'BPD': 1.0, 'PMDD': 0.5, 'Bipolar_II': 0.5}","{'condition': ['BPD', 'PMDD', 'Bipolar_II'], 'emotion': [], 'narrative_type': ['metaphor'], 'usage_mode': []}"
Do you struggle with remembering events from your past — either blurry or blocked out?,"Like parts of your story feel missing, or unreachable?",Tier 2,"{'CPTSD': 1.0, 'PTSD': 0.5}","{'condition': ['CPTSD', 'PTSD'], 'emotion': [], 'narrative_type': ['lived_experience'], 'usage_mode': []}"
Do you often start tasks but struggle to finish them?,Like you get halfway through and then stall out for no clear reason?,Tier 2,"{'ADHD': 1.0, 'Depression': 0.5}","{'condition': ['ADHD', 'Depression'], 'emotion': [], 'narrative_type': ['lived_experience'], 'usage_mode': []}"
Do you notice your energy or motivation shift drastically depending on your environment?,"Like some spaces light you up, while others drain you instantly?",Tier 2,"{'ADHD': 0.5, 'Autism': 0.5, 'Depression': 0.5}","{'condition': ['ADHD', 'Autism', 'Depression'], 'emotion': [], 'narrative_type': ['lived_experience'], 'usage_mode': []}"
Do you tend to avoid medical settings or find them especially stressful?,"Like appointments, hospitals, or even just check-ups cause you panic or shutdown?",Tier 2,"{'CPTSD': 1.0, 'Autism': 0.5}","{'condition': ['CPTSD', 'Autism'], 'emotion': [], 'narrative_type': ['lived_experience'], 'usage_mode': []}"
Do you sometimes feel like you can't explain what's wrong — even when you're clearly struggling?,Like the words vanish or your brain fogs up under pressure?,Tier 2,"{'CPTSD': 1.0, 'Autism': 0.5, 'Depression': 0.5}","{'condition': ['CPTSD', 'Autism', 'Depression'], 'emotion': [], 'narrative_type': ['metaphor'], 'usage_mode': []}"
Do you feel like your emotional responses are more intense than others in the same situation?,Like you're ‘too much’ or *feel* things too loudly?,Tier 1,"{'BPD': 1.0, 'PMDD': 0.5}","{'condition': ['BPD', 'PMDD'], 'emotion': ['overwhelm'], 'narrative_type': ['metaphor'], 'usage_mode': []}"
Do you have trouble transitioning between activities — even small ones?,Like shifting gears takes more mental effort than people expect?,Tier 1,"{'Autism': 1.0, 'ADHD': 0.5}","{'condition': ['Autism', 'ADHD'], 'emotion': [], 'narrative_type': ['lived_experience'], 'usage_mode': []}"
Do you frequently seek reassurance from people — even after they’ve already answered?,"Like you know you’ve asked, but you still need to hear it again?",Tier 1,"{'OCD': 1.0, 'GAD': 0.5, 'BPD': 0.5}","{'condition': ['OCD', 'GAD', 'BPD'], 'emotion': [], 'narrative_type': ['lived_experience'], 'usage_mode': []}"
Do you feel chronically unsafe — even when you're in a safe place?,"Like your body won't let you relax, no matter what’s around you?",Tier 1,"{'CPTSD': 1.0, 'PTSD': 0.5, 'GAD': 0.5}","{'condition': ['CPTSD', 'PTSD', 'GAD'], 'emotion': [], 'narrative_type': ['lived_experience'], 'usage_mode': []}"
"Do you sometimes say ‘yes’ to things you don’t want, just to avoid the discomfort of saying no?",Like peacekeeping takes priority over your own wants?,Tier 2,"{'CPTSD': 1.0, 'BPD': 0.5, 'GAD': 0.5}","{'condition': ['CPTSD', 'BPD', 'GAD'], 'emotion': [], 'narrative_type': ['lived_experience'], 'usage_mode': []}"
Do you ever feel like your thoughts are too loud to fall asleep — even when you're exhausted?,"Like your brain won’t power down, no matter how tired your body is?",Tier 1,"{'GAD': 1.0, 'OCD': 0.5, 'ADHD': 0.5}","{'condition': ['GAD', 'OCD', 'ADHD'], 'emotion': [], 'narrative_type': ['metaphor'], 'usage_mode': []}"
Do you get emotionally drained by small talk or surface-level interactions?,Like shallow conversation takes more out of you than deep ones?,Tier 2,"{'Autism': 1.0, 'CPTSD': 0.5}","{'condition': ['Autism', 'CPTSD'], 'emotion': [], 'narrative_type': ['lived_experience'], 'usage_mode': []}"
"Do you often worry people are mad at you, even when they haven’t said anything?",Like your brain fills in silence with fear of being in trouble?,Tier 2,"{'GAD': 1.0, 'BPD': 0.5}","{'condition': ['GAD', 'BPD'], 'emotion': [], 'narrative_type': ['lived_experience'], 'usage_mode': []}"
Do you feel like your brain goes blank in high-pressure situations — even if you prepared?,Like you had the answer… until the moment you needed it?,Tier 2,"{'ADHD': 1.0, 'CPTSD': 0.5, 'Autism': 0.5}","{'condition': ['ADHD', 'CPTSD', 'Autism'], 'emotion': [], 'narrative_type': ['metaphor'], 'usage_mode': []}"
Do you find routine calming — even if you don’t always stick to one?,Like structure gives your brain space to breathe?,Tier 1,"{'Autism': 1.0, 'OCD': 0.5}","{'condition': ['Autism', 'OCD'], 'emotion': [], 'narrative_type': ['lived_experience'], 'usage_mode': []}"
Do you feel deep shame or self-judgment after expressing anger?,"Like the moment it’s out, you regret ever letting it show?",Tier 2,"{'BPD': 1.0, 'CPTSD': 0.5, 'Depression': 0.5}","{'condition': ['BPD', 'CPTSD', 'Depression'], 'emotion': ['shame'], 'narrative_type': ['lived_experience'], 'usage_mode': ['reflection']}"
Do you feel like you lose control of your emotions around your cycle?,"Like something takes over for a few days, then lifts after your period starts?",Tier 1,"{'PMDD': 1.0, 'BPD': 0.5}","{'condition': ['PMDD', 'BPD'], 'emotion': [], 'narrative_type': ['metaphor'], 'usage_mode': []}"
"Do you often feel like you’re ‘behind’ — in work, life, goals — even if others say you’re doing fine?",Like you’re constantly catching up to an invisible standard?,Tier 2,"{'ADHD': 1.0, 'Depression': 0.5, 'GAD': 0.5}","{'condition': ['ADHD', 'Depression', 'GAD'], 'emotion': [], 'narrative_type': ['metaphor'], 'usage_mode': []}"
Do you have strong emotional responses to being misunderstood?,Like not being seen accurately hits deeper than it should?,Tier 1,"{'Autism': 1.0, 'BPD': 0.5}","{'condition': ['Autism', 'BPD'], 'emotion': [], 'narrative_type': ['lived_experience'], 'usage_mode': ['compare_support']}"
Do you feel like your brain runs best at night — even if it wrecks your sleep?,"Like you come alive after the sun sets, but regret it the next day?",Tier 2,"{'ADHD': 1.0, 'Bipolar_II': 0.5}","{'condition': ['ADHD', 'Bipolar_II'], 'emotion': [], 'narrative_type': ['metaphor'], 'usage_mode': []}"
Do you avoid certain people or places because of old emotional memories tied to them?,"Even if the threat is gone, the feeling sticks?",Tier 1,"{'CPTSD': 1.0, 'PTSD': 0.5}","{'condition': ['CPTSD', 'PTSD'], 'emotion': [], 'narrative_type': ['lived_experience'], 'usage_mode': []}"
Do you find it hard to explain how you're feeling — even to people close to you?,"Like there’s emotion in your body, but no language for it?",Tier 2,"{'Autism': 1.0, 'CPTSD': 0.5, 'Depression': 0.5}","{'condition': ['Autism', 'CPTSD', 'Depression'], 'emotion': [], 'narrative_type': ['lived_experience'], 'usage_mode': []}"
Do you frequently overthink your own behavior — even after the moment has passed?,"Like you relive how you said something, analyzing every word?",Tier 1,"{'GAD': 1.0, 'OCD': 0.5}","{'condition': ['GAD', 'OCD'], 'emotion': [], 'narrative_type': ['lived_experience'], 'usage_mode': []}"
Do you sometimes feel like you’re performing a version of yourself that others expect?,"Like you wear a personality that fits the room, even if it’s not yours?",Tier 2,"{'CPTSD': 1.0, 'Autism': 0.5, 'BPD': 0.5}","{'condition': ['CPTSD', 'Autism', 'BPD'], 'emotion': [], 'narrative_type': ['metaphor'], 'usage_mode': []}"
Do you find your emotions feel delayed — like you only process things hours or days later?,"Like it doesn’t hit you in the moment, but floods in later?",Tier 2,"{'CPTSD': 1.0, 'Autism': 0.5}","{'condition': ['CPTSD', 'Autism'], 'emotion': [], 'narrative_type': ['metaphor'], 'usage_mode': []}"
Do you often interrupt people — even when you don’t mean to?,Like your thoughts feel urgent and slip out before you can stop them?,Tier 1,"{'ADHD': 1.0, 'Autism': 0.5}","{'condition': ['ADHD', 'Autism'], 'emotion': [], 'narrative_type': ['lived_experience'], 'usage_mode': []}"
Do you find yourself doing or saying things just to avoid silence?,Like filling the quiet is easier than sitting in it?,Tier 2,"{'GAD': 1.0, 'BPD': 0.5}","{'condition': ['GAD', 'BPD'], 'emotion': [], 'narrative_type': ['lived_experience'], 'usage_mode': []}"
Do you tend to keep your struggles hidden until they boil over?,Like you bottle it all up until it bursts?,Tier 2,"{'CPTSD': 1.0, 'BPD': 0.5, 'Depression': 0.5}","{'condition': ['CPTSD', 'BPD', 'Depression'], 'emotion': [], 'narrative_type': ['lived_experience'], 'usage_mode': []}"
Do you find yourself zoning out when someone is talking — even if you care about what they’re saying?,Like your brain just floats off mid-conversation?,Tier 1,"{'ADHD': 1.0, 'CPTSD': 0.5, 'Depression': 0.5}","{'condition': ['ADHD', 'CPTSD', 'Depression'], 'emotion': [], 'narrative_type': ['lived_experience'], 'usage_mode': []}"
Do you feel panicky or uneasy when things are ‘too quiet’ or calm for too long?,Like silence makes your brain invent something to worry about?,Tier 2,"{'GAD': 1.0, 'OCD': 0.5}","{'condition': ['GAD', 'OCD'], 'emotion': ['panic'], 'narrative_type': ['lived_experience'], 'usage_mode': ['grounding']}"
Do you sometimes get the urge to escape your environment suddenly — even if nothing obvious triggered it?,Like your body says ‘get out’ before your brain knows why?,Tier 1,"{'CPTSD': 1.0, 'PTSD': 0.5}","{'condition': ['CPTSD', 'PTSD'], 'emotion': [], 'narrative_type': ['lived_experience'], 'usage_mode': []}"
Do you feel like you're constantly adapting to survive — not to thrive?,"Like you’re always adjusting, managing, dodging — but never just *being*?",Tier 2,"{'CPTSD': 1.0, 'Autism': 0.5, 'Depression': 0.5}","{'condition': ['CPTSD', 'Autism', 'Depression'], 'emotion': [], 'narrative_type': ['metaphor'], 'usage_mode': []}"
"Do you often forget conversations, tasks, or ideas unless you write them down immediately?",Like your brain leaks information if you don’t capture it instantly?,Tier 1,"{'ADHD': 1.0, 'Depression': 0.5}","{'condition': ['ADHD', 'Depression'], 'emotion': [], 'narrative_type': ['lived_experience'], 'usage_mode': []}"
Do you get overwhelmed by choices — even small ones like what to eat or wear?,Like even little decisions carry too much weight sometimes?,Tier 2,"{'OCD': 1.0, 'GAD': 0.5, 'Autism': 0.5}","{'condition': ['OCD', 'GAD', 'Autism'], 'emotion': [], 'narrative_type': ['metaphor'], 'usage_mode': []}"
Do you sometimes feel like your emotions are contagious — affecting everyone around you?,"Like your internal storm leaks into the room, even when you try to contain it?",Tier 1,"{'BPD': 1.0, 'PMDD': 0.5}","{'condition': ['BPD', 'PMDD'], 'emotion': [], 'narrative_type': ['metaphor'], 'usage_mode': []}"
Do you feel anxious when people don’t reply quickly — even if there’s no reason to worry?,Like silence in a chat feels louder than it should?,Tier 2,"{'GAD': 1.0, 'BPD': 0.5}","{'condition': ['GAD', 'BPD'], 'emotion': [], 'narrative_type': ['lived_experience'], 'usage_mode': []}"
Do you sometimes feel a deep urge to isolate — even when part of you wants connection?,"Like the idea of people feels heavy, even if you’re craving comfort?",Tier 2,"{'Depression': 1.0, 'CPTSD': 0.5}","{'condition': ['Depression', 'CPTSD'], 'emotion': [], 'narrative_type': ['lived_experience'], 'usage_mode': []}"
Do you forget what you're doing mid-task — even if you were just focused a second ago?,Like your attention vaporizes in real time?,Tier 1,"{'ADHD': 1.0, 'CPTSD': 0.5}","{'condition': ['ADHD', 'CPTSD'], 'emotion': [], 'narrative_type': ['lived_experience'], 'usage_mode': []}"
Do you ever feel like your body is bracing for impact — even in safe situations?,Like you’re waiting for something bad with no clear reason?,Tier 1,"{'CPTSD': 1.0, 'PTSD': 0.5, 'GAD': 0.5}","{'condition': ['CPTSD', 'PTSD', 'GAD'], 'emotion': [], 'narrative_type': ['body_sensation', 'metaphor'], 'usage_mode': []}"
"Do you need routines, rituals, or habits to feel grounded?","Like repetition soothes you, and disruption rattles you?",Tier 1,"{'Autism': 1.0, 'OCD': 0.5}","{'condition': ['Autism', 'OCD'], 'emotion': [], 'narrative_type': ['lived_experience'], 'usage_mode': []}"
Do you feel like your brain is always buzzing — even when your body is exhausted?,Like you're mentally overstimulated while physically wiped?,Tier 2,"{'ADHD': 1.0, 'PMDD': 0.5}","{'condition': ['ADHD', 'PMDD'], 'emotion': [], 'narrative_type': ['body_sensation', 'metaphor'], 'usage_mode': []}"
Do you find yourself avoiding things just because they feel *uncomfortable* — not dangerous?,Like your brain treats discomfort as threat?,Tier 2,"{'GAD': 1.0, 'CPTSD': 0.5, 'OCD': 0.5}","{'condition': ['GAD', 'CPTSD', 'OCD'], 'emotion': [], 'narrative_type': ['metaphor'], 'usage_mode': []}"
Do you tend to second-guess your decisions — even small ones?,"Like you choose, then immediately wonder if it was wrong?",Tier 2,"{'OCD': 1.0, 'GAD': 0.5}","{'condition': ['OCD', 'GAD'], 'emotion': [], 'narrative_type': ['lived_experience'], 'usage_mode': []}"
Do you struggle to hold attention during conversations — even if you're trying?,Like your brain drifts and you miss part of what was said?,Tier 1,"{'ADHD': 1.0, 'CPTSD': 0.5}","{'condition': ['ADHD', 'CPTSD'], 'emotion': [], 'narrative_type': ['lived_experience'], 'usage_mode': []}"
Do your emotions sometimes feel too big to manage — even when they don't ‘make sense’?,Like you're *feeling too much* and don’t know where to put it?,Tier 1,"{'BPD': 1.0, 'PMDD': 0.5}","{'condition': ['BPD', 'PMDD'], 'emotion': [], 'narrative_type': ['lived_experience'], 'usage_mode': []}"
"Do you avoid activities you once enjoyed — not because you don’t care, but because you don’t *feel* anything?",Like the color drained out of what used to matter?,Tier 1,"{'Depression': 1.0, 'CPTSD': 0.5}","{'condition': ['Depression', 'CPTSD'], 'emotion': [], 'narrative_type': ['metaphor'], 'usage_mode': []}"
Do you sometimes feel like you're failing at ‘basic life stuff’ that others seem to handle easily?,Like everyday functioning takes you twice the effort?,Tier 2,"{'ADHD': 1.0, 'Depression': 0.5, 'Autism': 0.5}","{'condition': ['ADHD', 'Depression', 'Autism'], 'emotion': [], 'narrative_type': ['metaphor'], 'usage_mode': []}"
Do you feel emotionally sensitive to rejection or criticism — even subtle things like tone or phrasing?,Like you’re on alert for signs you’ve messed up or disappointed someone?,Tier 1,"{'BPD': 1.0, 'ADHD': 0.5, 'CPTSD': 0.5}","{'condition': ['BPD', 'ADHD', 'CPTSD'], 'emotion': ['abandonment'], 'narrative_type': ['metaphor'], 'usage_mode': ['compare_support']}"
"Do you lose things often — keys, wallet, phone — even if you just had them?",Like your hands are faster than your memory?,Tier 1,{'ADHD': 1.0},"{'condition': ['ADHD'], 'emotion': [], 'narrative_type': ['lived_experience'], 'usage_mode': []}"
Do you struggle to trust your memory — like you check and re-check things even when you ‘know’ you did it?,Like your brain won’t let you *feel* done?,Tier 2,"{'OCD': 1.0, 'ADHD': 0.5}","{'condition': ['OCD', 'ADHD'], 'emotion': [], 'narrative_type': ['metaphor'], 'usage_mode': []}"
Do you feel uncomfortable receiving praise — like it doesn’t match how you see yourself?,"Like compliments feel off, or directed at a version of you that isn’t real?",Tier 2,"{'Depression': 1.0, 'CPTSD': 0.5}","{'condition': ['Depression', 'CPTSD'], 'emotion': [], 'narrative_type': ['metaphor'], 'usage_mode': []}"
Do you ever feel like emotions catch up to you late — hours or days after the event?,"Like your body stores it, and it hits when you’re finally alone?",Tier 2,"{'CPTSD': 1.0, 'Autism': 0.5}","{'condition': ['CPTSD', 'Autism'], 'emotion': [], 'narrative_type': ['metaphor'], 'usage_mode': []}"
Do you struggle to stay on one train of thought without jumping to others?,Like your brain tabs are always switching behind the scenes?,Tier 1,"{'ADHD': 1.0, 'Autism': 0.5}","{'condition': ['ADHD', 'Autism'], 'emotion': [], 'narrative_type': ['lived_experience'], 'usage_mode': []}"
"Do you avoid conflict — not out of fear of anger, but fear of being misunderstood or invalidated?",Like you’d rather retreat than explain your side?,Tier 2,"{'CPTSD': 1.0, 'Autism': 0.5}","{'condition': ['CPTSD', 'Autism'], 'emotion': [], 'narrative_type': ['lived_experience'], 'usage_mode': ['compare_support']}"
Do you feel pressure to mask or fake emotional reactions in group settings?,Like you perform what’s expected instead of what’s real?,Tier 2,"{'Autism': 1.0, 'CPTSD': 0.5}","{'condition': ['Autism', 'CPTSD'], 'emotion': [], 'narrative_type': ['lived_experience'], 'usage_mode': []}"
Do you feel more clear-headed and emotionally regulated when you're alone?,Like being around people floods your system too fast?,Tier 2,"{'Autism': 1.0, 'CPTSD': 0.5}","{'condition': ['Autism', 'CPTSD'], 'emotion': [], 'narrative_type': ['lived_experience'], 'usage_mode': []}"
Do you replay arguments or tense moments long after they’ve passed?,"Like your brain won’t let you ‘drop it,’ even if it’s over?",Tier 1,"{'GAD': 1.0, 'OCD': 0.5}","{'condition': ['GAD', 'OCD'], 'emotion': [], 'narrative_type': ['lived_experience'], 'usage_mode': []}"
Do you sometimes interrupt people not because you're rude — but because you're afraid you'll forget what you're about to say?,Like it's now or never for your brain to get it out?,Tier 1,{'ADHD': 1.0},"{'condition': ['ADHD'], 'emotion': [], 'narrative_type': ['lived_experience'], 'usage_mode': []}"
Do you feel like your moods are tied closely to your hormonal cycle?,"Like there's a rhythm to the highs and lows, and it tracks with your body?",Tier 1,{'PMDD': 1.0},"{'condition': ['PMDD'], 'emotion': [], 'narrative_type': ['metaphor'], 'usage_mode': []}"
"Do you notice that overstimulation makes you irritable — not anxious or sad, just angry?",Like your system flips to frustration when it’s too full?,Tier 2,"{'Autism': 1.0, 'ADHD': 0.5}","{'condition': ['Autism', 'ADHD'], 'emotion': ['overwhelm'], 'narrative_type': ['lived_experience'], 'usage_mode': []}"
Do you often feel like there’s no space to *just be* — like you always have to earn your rest or existence?,Like relaxing feels undeserved unless you’ve ‘done enough?’,Tier 2,"{'Depression': 1.0, 'CPTSD': 0.5}","{'condition': ['Depression', 'CPTSD'], 'emotion': [], 'narrative_type': ['metaphor'], 'usage_mode': []}"
Do you feel like your emotions are all-or-nothing — either flooding or numb?,Like there’s no middle gear — it’s silence or storm?,Tier 1,"{'BPD': 1.0, 'CPTSD': 0.5}","{'condition': ['BPD', 'CPTSD'], 'emotion': ['shutdown'], 'narrative_type': ['metaphor'], 'usage_mode': []}"
Do you keep detailed mental or physical ‘safety routines’ — even if others don’t understand them?,Like certain habits or checks make you feel safe or in control?,Tier 2,"{'OCD': 1.0, 'Autism': 0.5}","{'condition': ['OCD', 'Autism'], 'emotion': [], 'narrative_type': ['lived_experience'], 'usage_mode': []}"
Do you mentally prepare for conversations — like you rehearse what to say in advance?,Like real-time dialogue feels risky or unpredictable unless prepped?,Tier 2,"{'Autism': 1.0, 'GAD': 0.5}","{'condition': ['Autism', 'GAD'], 'emotion': [], 'narrative_type': ['metaphor'], 'usage_mode': []}"
Do you often feel like people misunderstand your tone — even when you’re trying to be clear?,"Like your intent gets lost and you feel guilty, awkward, or frustrated?",Tier 2,"{'Autism': 1.0, 'BPD': 0.5}","{'condition': ['Autism', 'BPD'], 'emotion': [], 'narrative_type': ['metaphor'], 'usage_mode': []}"
Do you have moments of intense self-hate or disgust — even if they don’t last long?,Like a switch flips and you turn against yourself hard?,Tier 1,"{'BPD': 1.0, 'Depression': 0.5}","{'condition': ['BPD', 'Depression'], 'emotion': ['overwhelm'], 'narrative_type': ['lived_experience'], 'usage_mode': []}"
Do you sometimes feel like you’re just ‘playing the role’ of being okay — especially around others?,Like it’s all performance until you’re finally alone?,Tier 2,"{'Depression': 1.0, 'CPTSD': 0.5}","{'condition': ['Depression', 'CPTSD'], 'emotion': [], 'narrative_type': ['metaphor'], 'usage_mode': []}"
Do you start new projects or ideas with excitement — but abandon them quickly?,"Like your brain runs on bursts, then fizzles out?",Tier 1,"{'ADHD': 1.0, 'Bipolar_II': 0.5}","{'condition': ['ADHD', 'Bipolar_II'], 'emotion': ['abandonment'], 'narrative_type': ['lived_experience'], 'usage_mode': []}"
Do you feel tension in your body most of the time — like your muscles are always slightly braced?,"Like your nervous system never fully settles, even when you're safe?",Tier 1,"{'CPTSD': 1.0, 'GAD': 0.5}","{'condition': ['CPTSD', 'GAD'], 'emotion': [], 'narrative_type': ['body_sensation', 'metaphor'], 'usage_mode': []}"
Do you tend to mentally script or over-plan social interactions ahead of time?,Like being spontaneous feels unsafe or risky in conversation?,Tier 2,"{'Autism': 1.0, 'OCD': 0.5}","{'condition': ['Autism', 'OCD'], 'emotion': [], 'narrative_type': ['lived_experience'], 'usage_mode': []}"
Do you ever feel like you're chasing a version of yourself you can’t quite reach?,"Like there's a ‘you’ you’re supposed to be, and you’re always falling short?",Tier 2,"{'Depression': 1.0, 'CPTSD': 0.5}","{'condition': ['Depression', 'CPTSD'], 'emotion': [], 'narrative_type': ['metaphor'], 'usage_mode': []}"
Do you find it hard to let yourself rest without guilt?,Like you always feel like there’s something you should be doing instead?,Tier 2,"{'GAD': 1.0, 'Depression': 0.5}","{'condition': ['GAD', 'Depression'], 'emotion': [], 'narrative_type': ['lived_experience'], 'usage_mode': []}"
Do you often feel like you’re in survival mode — even when life isn’t actively hard?,Like your nervous system is still stuck in ‘brace and endure’?,Tier 2,"{'CPTSD': 1.0, 'GAD': 0.5}","{'condition': ['CPTSD', 'GAD'], 'emotion': [], 'narrative_type': ['metaphor'], 'usage_mode': []}"
"Do you avoid conflict because you’re afraid you’ll be too much, not because you think you’re wrong?",Like your intensity might overwhelm the moment?,Tier 2,"{'BPD': 1.0, 'CPTSD': 0.5}","{'condition': ['BPD', 'CPTSD'], 'emotion': ['abandonment'], 'narrative_type': ['lived_experience'], 'usage_mode': ['reflection']}"
Do you often get distracted by your own thoughts — even during activities you usually enjoy?,Like your mind keeps pulling you away from what you're trying to focus on?,Tier 1,"{'ADHD': 1.0, 'Depression': 0.5}","{'condition': ['ADHD', 'Depression'], 'emotion': [], 'narrative_type': ['lived_experience'], 'usage_mode': []}"
"Do you sometimes feel like your body is moving through the world, but your mind is somewhere else?",Like you’re going through the motions without really ‘being there’?,Tier 1,"{'Depression': 1.0, 'CPTSD': 0.5}","{'condition': ['Depression', 'CPTSD'], 'emotion': [], 'narrative_type': ['body_sensation', 'metaphor'], 'usage_mode': []}"
Do you find it hard to accept help — even when you want or need it?,Like receiving support feels vulnerable or dangerous?,Tier 2,"{'CPTSD': 1.0, 'BPD': 0.5}","{'condition': ['CPTSD', 'BPD'], 'emotion': [], 'narrative_type': ['lived_experience'], 'usage_mode': []}"
"Do you overcommit — say yes to too many things, then feel overwhelmed?",Like you're trying to be dependable and stretch too far?,Tier 1,"{'ADHD': 1.0, 'GAD': 0.5}","{'condition': ['ADHD', 'GAD'], 'emotion': [], 'narrative_type': ['lived_experience'], 'usage_mode': []}"
Do you sometimes feel emotionally numb but physically anxious — like your mind and body are out of sync?,Like your heart’s racing but your brain’s flat?,Tier 2,"{'CPTSD': 1.0, 'Depression': 0.5}","{'condition': ['CPTSD', 'Depression'], 'emotion': ['shutdown'], 'narrative_type': ['body_sensation', 'metaphor'], 'usage_mode': []}"
Do you feel intense relief after cancelling plans?,Like you didn’t even realize how much dread or strain you were carrying until you were off the hook?,Tier 2,"{'Autism': 1.0, 'GAD': 0.5}","{'condition': ['Autism', 'GAD'], 'emotion': ['overwhelm'], 'narrative_type': ['lived_experience'], 'usage_mode': ['reflection']}"
Do you often get hit with unexpected waves of sadness — even when nothing is ‘wrong’?,Like grief or heaviness just appears out of nowhere?,Tier 2,"{'Depression': 1.0, 'PMDD': 0.5}","{'condition': ['Depression', 'PMDD'], 'emotion': [], 'narrative_type': ['lived_experience'], 'usage_mode': []}"
Do you find it hard to distinguish between being lazy and being exhausted?,Like you’re not sure if you're avoiding or just depleted?,Tier 2,"{'Depression': 1.0, 'CPTSD': 0.5}","{'condition': ['Depression', 'CPTSD'], 'emotion': [], 'narrative_type': ['lived_experience'], 'usage_mode': []}"
Do you often feel emotionally ‘leaky’ — like small things spill out big reactions?,Like your threshold for holding it in is lower than others’?,Tier 1,"{'BPD': 1.0, 'PMDD': 0.5}","{'condition': ['BPD', 'PMDD'], 'emotion': [], 'narrative_type': ['metaphor'], 'usage_mode': []}"
Do you need a long time to recover from social events — even fun ones?,Like your nervous system needs a cooldown after connection?,Tier 1,"{'Autism': 1.0, 'CPTSD': 0.5}","{'condition': ['Autism', 'CPTSD'], 'emotion': [], 'narrative_type': ['lived_experience'], 'usage_mode': []}"
Do you sometimes fear being ‘too much’ for people — even when you try to be careful?,Like your emotions or needs might overwhelm others?,Tier 2,"{'BPD': 1.0, 'CPTSD': 0.5}","{'condition': ['BPD', 'CPTSD'], 'emotion': ['abandonment'], 'narrative_type': ['lived_experience'], 'usage_mode': ['reflection']}"
Do you find yourself analyzing how you’re being perceived in real time?,Like your brain is running commentary on how you’re coming across?,Tier 2,"{'GAD': 1.0, 'BPD': 0.5}","{'condition': ['GAD', 'BPD'], 'emotion': [], 'narrative_type': ['lived_experience'], 'usage_mode': []}"
Do you often struggle to follow instructions unless you understand *why* they matter?,Like you can’t hold the steps if the meaning isn’t clear?,Tier 1,"{'ADHD': 1.0, 'Autism': 0.5}","{'condition': ['ADHD', 'Autism'], 'emotion': [], 'narrative_type': ['metaphor'], 'usage_mode': []}"
Do you get emotionally overwhelmed by kindness or affection?,Like it’s almost too much to receive — even if you crave it?,Tier 2,"{'BPD': 1.0, 'CPTSD': 0.5}","{'condition': ['BPD', 'CPTSD'], 'emotion': [], 'narrative_type': ['lived_experience'], 'usage_mode': []}"
Do you sometimes feel panicky in public spaces — even if nothing specific is happening?,Like the energy around you triggers something old and wordless?,Tier 2,"{'PTSD': 1.0, 'CPTSD': 0.5}","{'condition': ['PTSD', 'CPTSD'], 'emotion': ['panic'], 'narrative_type': ['lived_experience'], 'usage_mode': ['grounding']}"
"Do you feel like your mind goes quiet when you’re upset — not racing, just *blank*?","Like there’s nothing to say or think, just shutdown?",Tier 1,"{'CPTSD': 1.0, 'Depression': 0.5}","{'condition': ['CPTSD', 'Depression'], 'emotion': [], 'narrative_type': ['metaphor'], 'usage_mode': []}"
Do you sometimes avoid joy or excitement because you’re afraid it won’t last?,Like letting yourself feel good might trigger a crash later?,Tier 2,"{'Depression': 1.0, 'BPD': 0.5}","{'condition': ['Depression', 'BPD'], 'emotion': [], 'narrative_type': ['lived_experience'], 'usage_mode': []}"
Do you often feel like you're performing rather than participating in life?,"Like you're playing a role to get through the day, instead of actually being *in* the day?",Tier 3,"{'CPTSD': 0.5, 'Autism': 0.5, 'Depression': 0.25}","{'condition': ['CPTSD', 'Autism', 'Depression'], 'emotion': [], 'narrative_type': ['metaphor'], 'usage_mode': []}"
Do you find yourself zoning out mid-conversation or while doing something familiar?,Like your body’s doing the thing but your brain has slipped somewhere else?,Tier 3,"{'ADHD': 0.5, 'CPTSD': 0.5, 'Depression': 0.25}","{'condition': ['ADHD', 'CPTSD', 'Depression'], 'emotion': [], 'narrative_type': ['lived_experience'], 'usage_mode': []}"
Do you often feel like you're too much *and* not enough at the same time?,Like you're overwhelming people and still somehow falling short?,Tier 3,"{'BPD': 0.5, 'CPTSD': 0.5, 'Depression': 0.25}","{'condition': ['BPD', 'CPTSD', 'Depression'], 'emotion': ['abandonment'], 'narrative_type': ['metaphor'], 'usage_mode': ['reflection']}"
Do you catch yourself apologizing for things that aren’t your fault?,Like defaulting to ‘sorry’ — even when you didn’t actually do anything wrong?,Tier 3,"{'GAD': 0.5, 'CPTSD': 0.5, 'BPD': 0.25}","{'condition': ['GAD', 'CPTSD', 'BPD'], 'emotion': [], 'narrative_type': ['lived_experience'], 'usage_mode': []}"
Do compliments ever feel hard to believe — like they’re meant for someone else?,"Like praise doesn’t quite land, or it bounces off before you can feel it?",Tier 3,"{'Depression': 0.5, 'CPTSD': 0.5, 'Autism': 0.25}","{'condition': ['Depression', 'CPTSD', 'Autism'], 'emotion': [], 'narrative_type': ['metaphor'], 'usage_mode': []}"
Do you tend to minimize your own pain — even while helping others through theirs?,"Like you’re allowed to support everyone, but don’t know how to receive it yourself?",Tier 3,"{'CPTSD': 0.5, 'Depression': 0.5, 'GAD': 0.25}","{'condition': ['CPTSD', 'Depression', 'GAD'], 'emotion': [], 'narrative_type': ['lived_experience'], 'usage_mode': []}"
Do you feel like your reactions are sometimes bigger than the moment that caused them?,Like something small triggers something *big* in you?,Tier 3,"{'BPD': 0.5, 'PMDD': 0.5, 'CPTSD': 0.25}","{'condition': ['BPD', 'PMDD', 'CPTSD'], 'emotion': [], 'narrative_type': ['metaphor'], 'usage_mode': []}"
Do you feel like your brain jumps ahead — narrating worst-case scenarios before they happen?,Like it auto-loads catastrophe without your permission?,Tier 3,"{'GAD': 0.5, 'OCD': 0.5, 'CPTSD': 0.25}","{'condition': ['GAD', 'OCD', 'CPTSD'], 'emotion': [], 'narrative_type': ['metaphor'], 'usage_mode': []}"
"Do you ever struggle to feel truly ‘rested’ — even after breaks, weekends, or sleep?","Like rest isn't enough, because your *mind* never stops?",Tier 3,"{'ADHD': 0.5, 'Depression': 0.5, 'CPTSD': 0.25}","{'condition': ['ADHD', 'Depression', 'CPTSD'], 'emotion': [], 'narrative_type': ['lived_experience'], 'usage_mode': []}"
Do you ever feel like you're faking being human more than actually being one?,Like there's a manual everyone got that you missed — and you’re just trying to copy the moves?,Tier 3,"{'Autism': 0.5, 'CPTSD': 0.5, 'BPD': 0.25}","{'condition': ['Autism', 'CPTSD', 'BPD'], 'emotion': [], 'narrative_type': ['metaphor'], 'usage_mode': []}"
"Do you ever feel like disappearing — not dying, just *not being here* for a while?",Like vanishing would be easier than trying to keep going?,Tier 3,"{'Depression': 0.5, 'CPTSD': 0.5, 'BPD': 0.25}","{'condition': ['Depression', 'CPTSD', 'BPD'], 'emotion': ['shutdown'], 'narrative_type': ['metaphor'], 'usage_mode': []}"
Do you feel like you work twice as hard just to seem ‘normal’?,Like holding yourself together takes more effort than people know?,Tier 3,"{'Autism': 0.5, 'CPTSD': 0.5, 'ADHD': 0.25}","{'condition': ['Autism', 'CPTSD', 'ADHD'], 'emotion': [], 'narrative_type': ['metaphor'], 'usage_mode': []}"
Do you ever feel like you’re too sensitive for this world — emotionally or physically?,Like you were built without the right armor?,Tier 3,"{'BPD': 0.5, 'CPTSD': 0.5, 'PMDD': 0.25}","{'condition': ['BPD', 'CPTSD', 'PMDD'], 'emotion': [], 'narrative_type': ['metaphor'], 'usage_mode': []}"
Do you sometimes feel like your body doesn’t belong to you — like you’re not fully in it?,"Like you're piloting it remotely, or watching from outside?",Tier 3,"{'CPTSD': 0.5, 'PTSD': 0.5, 'Autism': 0.25}","{'condition': ['CPTSD', 'PTSD', 'Autism'], 'emotion': [], 'narrative_type': ['body_sensation', 'metaphor'], 'usage_mode': []}"
Do you feel like your best effort still isn’t enough — like the goalposts keep moving?,"No matter how much you try, it doesn’t really ‘count’ somehow?",Tier 3,"{'Depression': 0.5, 'GAD': 0.5, 'ADHD': 0.25}","{'condition': ['Depression', 'GAD', 'ADHD'], 'emotion': [], 'narrative_type': ['metaphor'], 'usage_mode': []}"
Do you catch yourself trying to be whoever the room needs — even if it costs you later?,Like you shapeshift to avoid discomfort or rejection?,Tier 3,"{'CPTSD': 0.5, 'BPD': 0.5, 'Autism': 0.25}","{'condition': ['CPTSD', 'BPD', 'Autism'], 'emotion': [], 'narrative_type': ['lived_experience'], 'usage_mode': []}"
"Do you ever feel an urge to hurt yourself — not to die, but just to feel *something* again?","Like it might help you feel real again, or at least interrupt the numbness?",Tier 3,"{'BPD': 0.5, 'CPTSD': 0.5, 'Depression': 0.25}","{'condition': ['BPD', 'CPTSD', 'Depression'], 'emotion': [], 'narrative_type': ['metaphor'], 'usage_mode': []}"
Do you sometimes feel like you’ve forgotten who you were — like the old ‘you’ disappeared?,Like you can’t trace the thread back to who you used to be?,Tier 3,"{'Depression': 0.5, 'CPTSD': 0.5, 'BPD': 0.25}","{'condition': ['Depression', 'CPTSD', 'BPD'], 'emotion': ['shutdown'], 'narrative_type': ['metaphor'], 'usage_mode': []}"
Do you feel like your needs are too much — so you just stop having them?,Like asking for care feels dangerous or exhausting?,Tier 3,"{'CPTSD': 0.5, 'BPD': 0.5, 'GAD': 0.25}","{'condition': ['CPTSD', 'BPD', 'GAD'], 'emotion': ['abandonment'], 'narrative_type': ['metaphor'], 'usage_mode': ['reflection']}"
Do you feel scared of how much emotion is inside you — like you're afraid it could break something?,"Like there's more than you know how to carry, and you're holding it in with duct tape?",Tier 3,"{'BPD': 0.5, 'PMDD': 0.5, 'CPTSD': 0.25}","{'condition': ['BPD', 'PMDD', 'CPTSD'], 'emotion': [], 'narrative_type': ['metaphor'], 'usage_mode': []}"
Do you sometimes feel like the only calm moment is when you're alone — even if you're also lonely?,"Like solitude is the only safe space, even when you wish it wasn't?",Tier 3,"{'CPTSD': 0.5, 'Autism': 0.5, 'Depression': 0.25}","{'condition': ['CPTSD', 'Autism', 'Depression'], 'emotion': [], 'narrative_type': ['metaphor'], 'usage_mode': []}"
Do you ever feel like you're on autopilot — doing tasks without really *being there*?,Like your body’s going through motions your brain hasn’t caught up to?,Tier 3,"{'Depression': 0.5, 'ADHD': 0.5, 'CPTSD': 0.25}","{'condition': ['Depression', 'ADHD', 'CPTSD'], 'emotion': [], 'narrative_type': ['metaphor'], 'usage_mode': []}"
Do you avoid eye contact even with people you trust?,"Like looking someone in the eyes feels too raw, even when you love them?",Tier 3,"{'Autism': 0.5, 'CPTSD': 0.5, 'BPD': 0.25}","{'condition': ['Autism', 'CPTSD', 'BPD'], 'emotion': [], 'narrative_type': ['lived_experience'], 'usage_mode': []}"
Do you sometimes wish you could just *pause being you* for a while?,Like even existing as yourself is exhausting sometimes?,Tier 3,"{'Depression': 0.5, 'CPTSD': 0.5, 'PMDD': 0.25}","{'condition': ['Depression', 'CPTSD', 'PMDD'], 'emotion': [], 'narrative_type': ['metaphor'], 'usage_mode': []}"
Do you feel like you're constantly preparing for something bad — even when nothing is wrong?,"Like your brain stays braced, even on calm days?",Tier 3,"{'GAD': 0.5, 'CPTSD': 0.5, 'OCD': 0.25}","{'condition': ['GAD', 'CPTSD', 'OCD'], 'emotion': [], 'narrative_type': ['metaphor'], 'usage_mode': []}"
Do you get a burst of anxiety or dread right before doing something you usually enjoy?,Like joy gets ambushed at the last second?,Tier 3,"{'GAD': 0.5, 'Depression': 0.5, 'PMDD': 0.25}","{'condition': ['GAD', 'Depression', 'PMDD'], 'emotion': ['overwhelm'], 'narrative_type': ['lived_experience'], 'usage_mode': []}"
"Do you find yourself needing escape — like scrolling, sleeping, drinking, or vanishing into fantasy?","Not to celebrate, but to *not feel*?",Tier 3,"{'Depression': 0.5, 'CPTSD': 0.5, 'ADHD': 0.25}","{'condition': ['Depression', 'CPTSD', 'ADHD'], 'emotion': [], 'narrative_type': ['metaphor'], 'usage_mode': []}"
"Do you sometimes feel physically heavy — like the air, your limbs, or your chest are full of static?",Like even walking or sitting upright feels heavier than it should?,Tier 3,"{'Depression': 0.5, 'CPTSD': 0.5, 'PMDD': 0.25}","{'condition': ['Depression', 'CPTSD', 'PMDD'], 'emotion': [], 'narrative_type': ['metaphor'], 'usage_mode': []}"
"Do you sometimes get stuck on a task, like a glitch — knowing what to do but *frozen* anyway?","Like something in you won't let the task start, no matter how ready you are?",Tier 3,"{'ADHD': 0.5, 'CPTSD': 0.5, 'Depression': 0.25}","{'condition': ['ADHD', 'CPTSD', 'Depression'], 'emotion': [], 'narrative_type': ['metaphor'], 'usage_mode': []}"
Do you ever feel like you're constantly managing invisible fires — but no one else sees the smoke?,Like you’re doing crisis control behind the scenes while others think you’re fine?,Tier 3,"{'CPTSD': 0.5, 'GAD': 0.5, 'BPD': 0.25}","{'condition': ['CPTSD', 'GAD', 'BPD'], 'emotion': [], 'narrative_type': ['metaphor'], 'usage_mode': []}"
Do you ever feel like you're *pretending* to be okay more than you actually are?,Like you’ve mastered looking fine while quietly falling apart inside?,Tier 3,"{'Depression': 0.5, 'CPTSD': 0.5, 'BPD': 0.25}","{'condition': ['Depression', 'CPTSD', 'BPD'], 'emotion': [], 'narrative_type': ['metaphor'], 'usage_mode': []}"
Do you sometimes feel deeply unseen — even in rooms full of people?,Like you're physically there but emotionally invisible?,Tier 3,"{'CPTSD': 0.5, 'Depression': 0.5, 'Autism': 0.25}","{'condition': ['CPTSD', 'Depression', 'Autism'], 'emotion': [], 'narrative_type': ['lived_experience'], 'usage_mode': []}"
Do you catch yourself trying to control tiny details when you feel emotionally out of control?,"Like lining things up or rewriting the same sentence — not because you want to, but because it soothes something?",Tier 3,"{'OCD': 0.5, 'CPTSD': 0.5, 'Autism': 0.25}","{'condition': ['OCD', 'CPTSD', 'Autism'], 'emotion': [], 'narrative_type': ['lived_experience'], 'usage_mode': []}"
Do you ever get a surge of panic with no warning — like your body suddenly flips into alarm mode?,Like fear arrives before a thought explains it?,Tier 3,"{'PTSD': 0.5, 'GAD': 0.5, 'CPTSD': 0.25}","{'condition': ['PTSD', 'GAD', 'CPTSD'], 'emotion': ['panic'], 'narrative_type': ['body_sensation', 'metaphor'], 'usage_mode': ['grounding']}"
"Do you sometimes feel like your brain keeps switching tabs, but never settles on one thing?",Like there's noise in the background of everything you do?,Tier 3,"{'ADHD': 0.5, 'Autism': 0.5, 'GAD': 0.25}","{'condition': ['ADHD', 'Autism', 'GAD'], 'emotion': [], 'narrative_type': ['metaphor'], 'usage_mode': []}"
Do you ever feel broken in a way that doesn’t show on the outside?,"Like there’s a crack somewhere no one else sees, but you feel it every day?",Tier 3,"{'Depression': 0.5, 'CPTSD': 0.5, 'BPD': 0.25}","{'condition': ['Depression', 'CPTSD', 'BPD'], 'emotion': [], 'narrative_type': ['lived_experience'], 'usage_mode': []}"
Do you hold in how you're feeling so you don’t ‘ruin the vibe’ for others?,Like protecting the peace means swallowing your truth?,Tier 3,"{'CPTSD': 0.5, 'GAD': 0.5, 'Autism': 0.25}","{'condition': ['CPTSD', 'GAD', 'Autism'], 'emotion': [], 'narrative_type': ['lived_experience'], 'usage_mode': []}"
Do you sometimes want connection but push people away when they get too close?,Like closeness burns and distance feels safer — even if it hurts?,Tier 3,"{'BPD': 0.5, 'CPTSD': 0.5, 'PMDD': 0.25}","{'condition': ['BPD', 'CPTSD', 'PMDD'], 'emotion': [], 'narrative_type': ['lived_experience'], 'usage_mode': []}"
Do you feel like you're running from something you can’t name — even when life is calm?,Like you’re chased by something that lives inside you?,Tier 3,"{'CPTSD': 0.5, 'GAD': 0.5, 'Depression': 0.25}","{'condition': ['CPTSD', 'GAD', 'Depression'], 'emotion': [], 'narrative_type': ['metaphor'], 'usage_mode': []}"
"Do you ever feel like the world is happening *at* you, not with you?","Like you're just reacting to it all, trying not to break?",Tier 3,"{'Depression': 0.5, 'CPTSD': 0.5, 'Autism': 0.25}","{'condition': ['Depression', 'CPTSD', 'Autism'], 'emotion': [], 'narrative_type': ['metaphor'], 'usage_mode': []}"
Do you ever feel like asking for help will just make things worse?,"Like reaching out might lead to judgment, misunderstanding, or being a burden?",Tier 3,"{'CPTSD': 0.5, 'Depression': 0.5, 'GAD': 0.25}","{'condition': ['CPTSD', 'Depression', 'GAD'], 'emotion': [], 'narrative_type': ['metaphor'], 'usage_mode': []}"
Do you sometimes forget how to talk about your own feelings?,"Like the words vanish, or you’re afraid they’ll come out wrong?",Tier 3,"{'Autism': 0.5, 'CPTSD': 0.5, 'Depression': 0.25}","{'condition': ['Autism', 'CPTSD', 'Depression'], 'emotion': [], 'narrative_type': ['lived_experience'], 'usage_mode': []}"
"Do you ever feel like you’re stuck in loops — not just in thought, but in your life?","Like no matter what you do, you keep ending up in the same emotional patterns?",Tier 3,"{'CPTSD': 0.5, 'BPD': 0.5, 'Depression': 0.25}","{'condition': ['CPTSD', 'BPD', 'Depression'], 'emotion': [], 'narrative_type': ['metaphor'], 'usage_mode': []}"
Do you feel like you've built a version of yourself just to survive?,Like who you are isn’t fully real — just what got you through?,Tier 3,"{'CPTSD': 0.5, 'Autism': 0.5, 'Depression': 0.25}","{'condition': ['CPTSD', 'Autism', 'Depression'], 'emotion': [], 'narrative_type': ['metaphor'], 'usage_mode': []}"
Do you ever feel grief for something you can’t name — like a version of life that never happened?,Like mourning a life path you never got to walk?,Tier 3,"{'Depression': 0.5, 'CPTSD': 0.5, 'PMDD': 0.25}","{'condition': ['Depression', 'CPTSD', 'PMDD'], 'emotion': ['grief'], 'narrative_type': ['metaphor'], 'usage_mode': ['reflection']}"
Do you get emotionally numb around people — even the ones you love?,Like your feelings flatten when you're expected to connect?,Tier 3,"{'Depression': 0.5, 'Autism': 0.5, 'CPTSD': 0.25}","{'condition': ['Depression', 'Autism', 'CPTSD'], 'emotion': ['shutdown'], 'narrative_type': ['lived_experience'], 'usage_mode': []}"
Do you ever feel like you’re surviving instead of living?,"Like you’re doing what it takes to get through, not to grow?",Tier 3,"{'CPTSD': 0.5, 'Depression': 0.5, 'BPD': 0.25}","{'condition': ['CPTSD', 'Depression', 'BPD'], 'emotion': [], 'narrative_type': ['metaphor'], 'usage_mode': []}"
Do you feel like no one would understand if you told the truth about how bad it gets?,Like your pain feels unspeakable — or too big to share?,Tier 3,"{'Depression': 0.5, 'CPTSD': 0.5, 'BPD': 0.25}","{'condition': ['Depression', 'CPTSD', 'BPD'], 'emotion': [], 'narrative_type': ['metaphor'], 'usage_mode': []}"
Do you sometimes wish you could just turn your mind off — even just for an hour?,Like your thoughts are a noise machine you can't unplug?,Tier 3,"{'GAD': 0.5, 'OCD': 0.5, 'ADHD': 0.25}","{'condition': ['GAD', 'OCD', 'ADHD'], 'emotion': [], 'narrative_type': ['lived_experience'], 'usage_mode': []}"
Do you feel like your nervous system is always waiting for the next bad thing?,"Like you're bracing for impact, even when nothing is wrong yet?",Tier 3,"{'CPTSD': 0.5, 'GAD': 0.5, 'PTSD': 0.25}","{'condition': ['CPTSD', 'GAD', 'PTSD'], 'emotion': [], 'narrative_type': ['metaphor'], 'usage_mode': []}"
